experiment,prompt_tokens,observed_answer_position,answer_text,generated_text,generated_answer_text,token_exact_match,normalized_text_exact_match,exact_match,sequence_logprob,mean_token_logprob,first_token_entropy,mean_relevant_attention,mean_sink_over_relevant,example_id,filler_type,position_ratio,total_tokens,mean_layer_cosine,late_layer_cosine
position_sweep,2048,0.10009765625,AMBER-HARBOR-10017,AMBER-HARBOR-10017,AMBER-HARBOR-10017,False,True,True,-9.734375,-0.88525390625,1.3525390625,0.04355560020387742,508540.07773705485,example_0000,natural,0.1,2048,,
position_sweep,2048,0.10009765625,COBALT-MEADOW-10018,COBALT-MEADOW-10018,COBALT-MEADOW-10018,False,True,True,-9.8671875,-0.822265625,1.6025390625,0.03061222780916519,349680.22795587545,example_0001,natural,0.1,2048,,
position_sweep,2048,0.10009765625,IVORY-LANTERN-10019,IVORY-LANTERN-10019,IVORY-LANTERN-10019,False,True,True,-7.7265625,-0.70263671875,1.7392578125,0.05739373076528498,329851.163784542,example_0002,natural,0.1,2048,,
position_sweep,2048,0.10009765625,SCARLET-BREEZE-10020,SCARLET-BREEZE-10020,SCARLET-BREEZE-10020,False,True,True,-9.9765625,-0.83154296875,1.2412109375,,,example_0003,natural,0.1,2048,,
position_sweep,2048,0.10009765625,SABLE-HARBOR-10021,SABLE-HARBOR-10021,SABLE-HARBOR-10021,False,True,True,-13.328125,-1.2119140625,1.373046875,,,example_0004,natural,0.1,2048,,
position_sweep,2048,0.10009765625,SILVER-MEADOW-10022,The security answer is SILVER-MEADOW-10,The security answer is SILVER-MEADOW-10,False,False,False,-14.2265625,-1.185546875,1.5380859375,,,example_0005,natural,0.1,2048,,
position_sweep,2048,0.10009765625,GOLDEN-LANTERN-10023,"The security answer provided in the given text is ""GOLD","The security answer provided in the given text is ""GOLD",False,False,False,-14.546875,-1.2119140625,1.6376953125,,,example_0006,natural,0.1,2048,,
position_sweep,2048,0.10009765625,TEAL-BREEZE-10024,TEAL-BREEZE-10024,TEAL-BREEZE-10024,False,True,True,-7.515625,-0.68310546875,1.33984375,,,example_0007,natural,0.1,2048,,
position_sweep,4096,0.10009765625,AMBER-HARBOR-10017,"The security answer provided in the given text is ""AMBER","The security answer provided in the given text is ""AMBER",False,False,False,-10.7578125,-0.97802734375,1.505859375,0.020114007392203523,1514757.0695794714,example_0000,natural,0.1,4096,0.9748654961585999,0.9482121467590332
position_sweep,4096,0.10009765625,COBALT-MEADOW-10018,"The security answer provided in the given text is ""COB","The security answer provided in the given text is ""COB",False,False,False,-11.328125,-0.94384765625,1.0390625,0.01931857351854676,1677842.678877672,example_0001,natural,0.1,4096,0.9836463332176208,0.9759147763252258
position_sweep,4096,0.10009765625,IVORY-LANTERN-10019,"The security answer provided in the given text is ""IVORY","The security answer provided in the given text is ""IVORY",False,False,False,-10.03125,-0.912109375,1.1337890625,0.031078549500855274,1575155.8674805171,example_0002,natural,0.1,4096,0.9661340117454529,0.9269073605537415
position_sweep,4096,0.10009765625,SCARLET-BREEZE-10020,"The security answer provided in the given text is ""SCAR","The security answer provided in the given text is ""SCAR",False,False,False,-10.1796875,-0.8486328125,1.365234375,,,example_0003,natural,0.1,4096,0.9776630401611328,0.9603347778320312
position_sweep,4096,0.10009765625,SABLE-HARBOR-10021,SABLE-HARBOR-10021,SABLE-HARBOR-10021,False,True,True,-15.2734375,-1.388671875,0.861328125,,,example_0004,natural,0.1,4096,0.9784213900566101,0.9510007500648499
position_sweep,4096,0.10009765625,SILVER-MEADOW-10022,"The security answer provided in the given text is ""SIL","The security answer provided in the given text is ""SIL",False,False,False,-15.4375,-1.287109375,1.6171875,,,example_0005,natural,0.1,4096,0.9821231961250305,0.9698514342308044
position_sweep,4096,0.10009765625,GOLDEN-LANTERN-10023,"The security answer provided in the given text is ""GOLD","The security answer provided in the given text is ""GOLD",False,False,False,-14.9921875,-1.2490234375,1.2705078125,,,example_0006,natural,0.1,4096,0.9720198512077332,0.9472972750663757
position_sweep,4096,0.10009765625,TEAL-BREEZE-10024,"The security answer provided in the given text is ""TEAL","The security answer provided in the given text is ""TEAL",False,False,False,-8.3125,-0.755859375,1.34765625,,,example_0007,natural,0.1,4096,0.9833524227142334,0.9726972579956055
position_sweep,2048,0.2998046875,AMBER-HARBOR-10017,The security answer provided in the given text is AMBER-H,The security answer provided in the given text is AMBER-H,False,False,False,-10.265625,-0.93310546875,1.6513671875,0.04299901721672096,329099.8702354127,example_0000,natural,0.3,2048,,
position_sweep,2048,0.2998046875,COBALT-MEADOW-10018,"The security answer provided in the given text is ""COB","The security answer provided in the given text is ""COB",False,False,False,-10.4140625,-0.86767578125,1.26953125,0.03434360416746654,338960.1024932767,example_0001,natural,0.3,2048,,
position_sweep,2048,0.2998046875,IVORY-LANTERN-10019,"The security answer provided in the given text is ""IVORY","The security answer provided in the given text is ""IVORY",False,False,False,-8.484375,-0.771484375,1.501953125,0.050950841124656886,313920.9327785278,example_0002,natural,0.3,2048,,
position_sweep,2048,0.2998046875,SCARLET-BREEZE-10020,"The security answer provided in the text is ""SCARLET","The security answer provided in the text is ""SCARLET",False,False,False,-10.1796875,-0.84814453125,1.400390625,,,example_0003,natural,0.3,2048,,
position_sweep,2048,0.2998046875,SABLE-HARBOR-10021,The security answer provided in the given text is SABLE-H,The security answer provided in the given text is SABLE-H,False,False,False,-14.6015625,-1.328125,1.162109375,,,example_0004,natural,0.3,2048,,
position_sweep,2048,0.2998046875,SILVER-MEADOW-10022,"The security answer provided in the given text is ""SIL","The security answer provided in the given text is ""SIL",False,False,False,-15.421875,-1.28515625,1.4873046875,,,example_0005,natural,0.3,2048,,
position_sweep,2048,0.2998046875,GOLDEN-LANTERN-10023,"The security answer provided in the text is ""GOLDEN","The security answer provided in the text is ""GOLDEN",False,False,False,-16.390625,-1.365234375,0.6328125,,,example_0006,natural,0.3,2048,,
position_sweep,2048,0.2998046875,TEAL-BREEZE-10024,TEAL-BREEZE-10024,TEAL-BREEZE-10024,False,True,True,-8.078125,-0.734375,1.2587890625,,,example_0007,natural,0.3,2048,,
position_sweep,4096,0.300048828125,AMBER-HARBOR-10017,AMBER-HARBOR-10017,AMBER-HARBOR-10017,False,True,True,-10.03125,-0.91162109375,1.599609375,0.043160016350459914,634936.2979350857,example_0000,natural,0.3,4096,0.988369882106781,0.988481342792511
position_sweep,4096,0.300048828125,COBALT-MEADOW-10018,"The security answer provided in the given text is ""COB","The security answer provided in the given text is ""COB",False,False,False,-11.8359375,-0.986328125,1.0537109375,0.03013609420063467,900512.8726580414,example_0001,natural,0.3,4096,0.9850594401359558,0.9816997647285461
position_sweep,4096,0.300048828125,IVORY-LANTERN-10019,"The security answer provided in the given text is ""IVORY","The security answer provided in the given text is ""IVORY",False,False,False,-8.3203125,-0.7568359375,1.5869140625,0.04616554444043809,796301.290951146,example_0002,natural,0.3,4096,0.987797200679779,0.981640636920929
position_sweep,4096,0.300048828125,SCARLET-BREEZE-10020,"The security answer provided in the given text is ""SCAR","The security answer provided in the given text is ""SCAR",False,False,False,-10.46875,-0.87255859375,1.3310546875,,,example_0003,natural,0.3,4096,0.9884675145149231,0.9886812567710876
position_sweep,4096,0.300048828125,SABLE-HARBOR-10021,SABLE-HARBOR-10021,SABLE-HARBOR-10021,False,True,True,-15.1640625,-1.37890625,1.1298828125,,,example_0004,natural,0.3,4096,0.9843351244926453,0.9769463539123535
position_sweep,4096,0.300048828125,SILVER-MEADOW-10022,"The security answer provided in the given text is ""SIL","The security answer provided in the given text is ""SIL",False,False,False,-15.4140625,-1.2841796875,1.3349609375,,,example_0005,natural,0.3,4096,0.9887331128120422,0.9879657626152039
position_sweep,4096,0.300048828125,GOLDEN-LANTERN-10023,"The security answer is ""GOLDEN-LANTERN-","The security answer is ""GOLDEN-LANTERN-",False,False,False,-14.8046875,-1.2333984375,1.50390625,,,example_0006,natural,0.3,4096,0.9820521473884583,0.970920979976654
position_sweep,4096,0.300048828125,TEAL-BREEZE-10024,"The security answer provided in the given text is ""TEAL","The security answer provided in the given text is ""TEAL",False,False,False,-8.1171875,-0.73779296875,1.244140625,,,example_0007,natural,0.3,4096,0.9866169095039368,0.9854453206062317
position_sweep,2048,0.5,AMBER-HARBOR-10017,AMBER-HARBOR-10017,AMBER-HARBOR-10017,False,True,True,-10.296875,-0.93603515625,1.5869140625,0.04229551136831759,439924.97900194605,example_0000,natural,0.5,2048,,
position_sweep,2048,0.5,COBALT-MEADOW-10018,"The security answer provided in the given text is ""COB","The security answer provided in the given text is ""COB",False,False,False,-10.1953125,-0.849609375,1.365234375,0.030075075408345215,435636.9897395643,example_0001,natural,0.5,2048,,
position_sweep,2048,0.5,IVORY-LANTERN-10019,"The security answer provided in the given text is ""IVORY","The security answer provided in the given text is ""IVORY",False,False,False,-9.7421875,-0.88525390625,1.193359375,0.04474092120206054,445804.44409323065,example_0002,natural,0.5,2048,,
position_sweep,2048,0.5,SCARLET-BREEZE-10020,The security answer provided in the document is SCARLET-B,The security answer provided in the document is SCARLET-B,False,False,False,-10.515625,-0.87646484375,1.34375,,,example_0003,natural,0.5,2048,,
position_sweep,2048,0.5,SABLE-HARBOR-10021,The security answer provided in the text is SABLE-HARB,The security answer provided in the text is SABLE-HARB,False,False,False,-14.765625,-1.341796875,1.1533203125,,,example_0004,natural,0.5,2048,,
position_sweep,2048,0.5,SILVER-MEADOW-10022,SILVER-MEADOW-10022,SILVER-MEADOW-10022,False,True,True,-15.796875,-1.31640625,1.4912109375,,,example_0005,natural,0.5,2048,,
position_sweep,2048,0.5,GOLDEN-LANTERN-10023,"The security answer provided in the given text is ""GOLD","The security answer provided in the given text is ""GOLD",False,False,False,-15.3828125,-1.2822265625,1.6708984375,,,example_0006,natural,0.5,2048,,
position_sweep,2048,0.5,TEAL-BREEZE-10024,TEAL-BREEZE-10024,TEAL-BREEZE-10024,False,True,True,-8.15625,-0.74169921875,1.31640625,,,example_0007,natural,0.5,2048,,
position_sweep,4096,0.5,AMBER-HARBOR-10017,AMBER-HARBOR-10017,AMBER-HARBOR-10017,False,True,True,-10.0625,-0.91455078125,0.7802734375,0.052944826265652944,946505.1260707581,example_0000,natural,0.5,4096,0.9863459467887878,0.9832881093025208
position_sweep,4096,0.5,COBALT-MEADOW-10018,"The security answer provided in the given text is ""COB","The security answer provided in the given text is ""COB",False,False,False,-10.109375,-0.84228515625,1.326171875,0.04243651213511172,1091109.920978374,example_0001,natural,0.5,4096,0.988841712474823,0.9819120764732361
position_sweep,4096,0.5,IVORY-LANTERN-10019,IVORY-LANTERN-10019,IVORY-LANTERN-10019,False,True,True,-7.44140625,-0.6767578125,2.12109375,0.06207363526731563,904114.1012154492,example_0002,natural,0.5,4096,0.9793702960014343,0.964850127696991
position_sweep,4096,0.5,SCARLET-BREEZE-10020,SCARLET-BREEZE-10020,SCARLET-BREEZE-10020,False,True,True,-10.59375,-0.8828125,1.060546875,,,example_0003,natural,0.5,4096,0.9698853492736816,0.9462466239929199
position_sweep,4096,0.5,SABLE-HARBOR-10021,SABLE-HARBOR-10021,SABLE-HARBOR-10021,False,True,True,-14.1640625,-1.287109375,0.994140625,,,example_0004,natural,0.5,4096,0.9846391677856445,0.9745820164680481
position_sweep,4096,0.5,SILVER-MEADOW-10022,SILVER-MEADOW-10022,SILVER-MEADOW-10022,False,True,True,-14.6328125,-1.2197265625,1.5830078125,,,example_0005,natural,0.5,4096,0.991659939289093,0.9913678765296936
position_sweep,4096,0.5,GOLDEN-LANTERN-10023,"The security answer provided in the given text is ""GOLD","The security answer provided in the given text is ""GOLD",False,False,False,-13.8671875,-1.1552734375,1.7275390625,,,example_0006,natural,0.5,4096,0.990021288394928,0.9894058108329773
position_sweep,4096,0.5,TEAL-BREEZE-10024,TEAL-BREEZE-10024,TEAL-BREEZE-10024,False,True,True,-7.19140625,-0.65380859375,1.3447265625,,,example_0007,natural,0.5,4096,0.9904614090919495,0.9859368801116943
position_sweep,2048,0.7001953125,AMBER-HARBOR-10017,The security answer is AMBER-HARBOR-10,The security answer is AMBER-HARBOR-10,False,False,False,-10.4921875,-0.95361328125,1.5986328125,0.042872207685238126,477398.44511449727,example_0000,natural,0.7,2048,,
position_sweep,2048,0.7001953125,COBALT-MEADOW-10018,COBALT-MEADOW-10018,COBALT-MEADOW-10018,False,True,True,-10.3671875,-0.86376953125,1.3798828125,0.05092625890997258,457385.847740777,example_0001,natural,0.7,2048,,
position_sweep,2048,0.7001953125,IVORY-LANTERN-10019,"The security answer provided in the given text is ""IVORY","The security answer provided in the given text is ""IVORY",False,False,False,-8.1640625,-0.74169921875,1.9599609375,0.06000199393058326,413768.3262804603,example_0002,natural,0.7,2048,,
position_sweep,2048,0.7001953125,SCARLET-BREEZE-10020,"The security answer provided in the given text is ""SCAR","The security answer provided in the given text is ""SCAR",False,False,False,-10.828125,-0.90283203125,1.119140625,,,example_0003,natural,0.7,2048,,
position_sweep,2048,0.7001953125,SABLE-HARBOR-10021,SABLE-HARBOR-10021,SABLE-HARBOR-10021,False,True,True,-14.140625,-1.28515625,1.13671875,,,example_0004,natural,0.7,2048,,
position_sweep,2048,0.7001953125,SILVER-MEADOW-10022,The security answer is SILVER-MEADOW-10,The security answer is SILVER-MEADOW-10,False,False,False,-15.71875,-1.3095703125,1.576171875,,,example_0005,natural,0.7,2048,,
position_sweep,2048,0.7001953125,GOLDEN-LANTERN-10023,"The security answer provided in the given text is ""GOLD","The security answer provided in the given text is ""GOLD",False,False,False,-15.2265625,-1.26953125,1.349609375,,,example_0006,natural,0.7,2048,,
position_sweep,2048,0.7001953125,TEAL-BREEZE-10024,"The security answer provided in the document is ""TEAL-B","The security answer provided in the document is ""TEAL-B",False,False,False,-8.96875,-0.81591796875,0.84912109375,,,example_0007,natural,0.7,2048,,
position_sweep,4096,0.699951171875,AMBER-HARBOR-10017,AMBER-HARBOR-10017,AMBER-HARBOR-10017,False,True,True,-9.6875,-0.88037109375,1.4462890625,0.04423285302030412,1819294.8290201358,example_0000,natural,0.7,4096,0.9908506274223328,0.9894742965698242
position_sweep,4096,0.699951171875,COBALT-MEADOW-10018,"The security answer provided in the given text is ""COB","The security answer provided in the given text is ""COB",False,False,False,-10.4765625,-0.873046875,1.263671875,0.03607092053965478,1314113.755046601,example_0001,natural,0.7,4096,0.9840906262397766,0.9803168177604675
position_sweep,4096,0.699951171875,IVORY-LANTERN-10019,IVORY-LANTERN-10019,IVORY-LANTERN-10019,False,True,True,-7.69921875,-0.7001953125,2.130859375,0.057951588377260735,1596941.26939562,example_0002,natural,0.7,4096,0.9888096451759338,0.9856118559837341
position_sweep,4096,0.699951171875,SCARLET-BREEZE-10020,"The security answer provided in the given text is ""SCAR","The security answer provided in the given text is ""SCAR",False,False,False,-10.71875,-0.89306640625,1.626953125,,,example_0003,natural,0.7,4096,0.9863095283508301,0.9828923344612122
position_sweep,4096,0.699951171875,SABLE-HARBOR-10021,SABLE-HARBOR-10021,SABLE-HARBOR-10021,False,True,True,-14.953125,-1.359375,0.83349609375,,,example_0004,natural,0.7,4096,0.986734926700592,0.9771425127983093
position_sweep,4096,0.699951171875,SILVER-MEADOW-10022,"The security answer provided in the given text is ""SIL","The security answer provided in the given text is ""SIL",False,False,False,-15.3046875,-1.275390625,1.580078125,,,example_0005,natural,0.7,4096,0.9891986846923828,0.9888942837715149
position_sweep,4096,0.699951171875,GOLDEN-LANTERN-10023,The security answer is GOLDEN-LANTERN-10,The security answer is GOLDEN-LANTERN-10,False,False,False,-13.78125,-1.1484375,2.064453125,,,example_0006,natural,0.7,4096,0.9826858043670654,0.9767773151397705
position_sweep,4096,0.699951171875,TEAL-BREEZE-10024,TEAL-BREEZE-10024,TEAL-BREEZE-10024,False,True,True,-7.53515625,-0.68505859375,1.3857421875,,,example_0007,natural,0.7,4096,0.9819526672363281,0.9696928858757019
position_sweep,2048,0.89990234375,AMBER-HARBOR-10017,AMBER-HARBOR-10017,AMBER-HARBOR-10017,False,True,True,-10.1796875,-0.92529296875,1.1708984375,0.05043491620529742,1343887.8392042816,example_0000,natural,0.9,2048,,
position_sweep,2048,0.89990234375,COBALT-MEADOW-10018,COBALT-MEADOW-10018,COBALT-MEADOW-10018,False,True,True,-10.5625,-0.8798828125,1.3544921875,0.04693519817550385,1046353.8368112479,example_0001,natural,0.9,2048,,
position_sweep,2048,0.89990234375,IVORY-LANTERN-10019,IVORY-LANTERN-10019,IVORY-LANTERN-10019,False,True,True,-7.6640625,-0.69677734375,1.7265625,0.07379970100564745,1414128.9331485946,example_0002,natural,0.9,2048,,
position_sweep,2048,0.89990234375,SCARLET-BREEZE-10020,SCARLET-BREEZE-10020,SCARLET-BREEZE-10020,False,True,True,-10.8984375,-0.908203125,1.685546875,,,example_0003,natural,0.9,2048,,
position_sweep,2048,0.89990234375,SABLE-HARBOR-10021,SABLE-HARBOR-10021,SABLE-HARBOR-10021,False,True,True,-14.484375,-1.31640625,1.0087890625,,,example_0004,natural,0.9,2048,,
position_sweep,2048,0.89990234375,SILVER-MEADOW-10022,SILVER-MEADOW-10022,SILVER-MEADOW-10022,False,True,True,-15.7109375,-1.30859375,1.513671875,,,example_0005,natural,0.9,2048,,
position_sweep,2048,0.89990234375,GOLDEN-LANTERN-10023,"The security answer provided in the given text is ""GOLD","The security answer provided in the given text is ""GOLD",False,False,False,-14.296875,-1.19140625,1.91796875,,,example_0006,natural,0.9,2048,,
position_sweep,2048,0.89990234375,TEAL-BREEZE-10024,TEAL-BREEZE-10024,TEAL-BREEZE-10024,False,True,True,-7.6953125,-0.69970703125,1.248046875,,,example_0007,natural,0.9,2048,,
position_sweep,4096,0.89990234375,AMBER-HARBOR-10017,"The security answer provided in the given text is ""AMBER","The security answer provided in the given text is ""AMBER",False,False,False,-10.640625,-0.96728515625,1.5849609375,0.04063973491329308,619440.7375687393,example_0000,natural,0.9,4096,0.9891402125358582,0.9856104850769043
position_sweep,4096,0.89990234375,COBALT-MEADOW-10018,"The security answer provided in the text is ""COBALT","The security answer provided in the text is ""COBALT",False,False,False,-10.890625,-0.9072265625,0.9697265625,0.029186921442790663,448023.1122655699,example_0001,natural,0.9,4096,0.9767397046089172,0.9566474556922913
position_sweep,4096,0.89990234375,IVORY-LANTERN-10019,"The security answer provided in the text is ""IVORY-L","The security answer provided in the text is ""IVORY-L",False,False,False,-9.421875,-0.85693359375,1.232421875,0.05180231545404041,645214.1771243983,example_0002,natural,0.9,4096,0.9769352078437805,0.9656250476837158
position_sweep,4096,0.89990234375,SCARLET-BREEZE-10020,"The security answer provided in the given text is ""SCAR","The security answer provided in the given text is ""SCAR",False,False,False,-11.3359375,-0.9443359375,1.1767578125,,,example_0003,natural,0.9,4096,0.9874981045722961,0.9815447330474854
position_sweep,4096,0.89990234375,SABLE-HARBOR-10021,The security answer provided in the text is SABLE-HARB,The security answer provided in the text is SABLE-HARB,False,False,False,-15.484375,-1.4072265625,1.0341796875,,,example_0004,natural,0.9,4096,0.991377592086792,0.9914725422859192
position_sweep,4096,0.89990234375,SILVER-MEADOW-10022,"The security answer provided in the text is ""SILVER","The security answer provided in the text is ""SILVER",False,False,False,-15.65625,-1.3046875,1.5859375,,,example_0005,natural,0.9,4096,0.9895586967468262,0.9888271689414978
position_sweep,4096,0.89990234375,GOLDEN-LANTERN-10023,The security answer is GOLDEN-LANTERN-10,The security answer is GOLDEN-LANTERN-10,False,False,False,-14.6015625,-1.216796875,1.849609375,,,example_0006,natural,0.9,4096,0.9920483231544495,0.9924404621124268
position_sweep,4096,0.89990234375,TEAL-BREEZE-10024,"The security answer provided in the given text is ""TEAL","The security answer provided in the given text is ""TEAL",False,False,False,-8.7265625,-0.79296875,1.1708984375,,,example_0007,natural,0.9,4096,0.988308846950531,0.9875046610832214
position_sweep,2048,0.10009765625,AMBER-HARBOR-10017,"Amber-Harbor-10017

Explanation",Amber-Harbor-10017,False,True,True,-9.421875,-0.85693359375,1.0146484375,0.0440037000744709,218005.7710261046,example_0000,boilerplate,0.1,2048,,
position_sweep,2048,0.10009765625,COBALT-MEADOW-10018,COBALT-MEADOW-10018,COBALT-MEADOW-10018,False,True,True,-8.4296875,-0.70263671875,1.0859375,0.04263638472881314,62269.46825387635,example_0001,boilerplate,0.1,2048,,
position_sweep,2048,0.10009765625,IVORY-LANTERN-10019,IVORY-LANTERN-10019,IVORY-LANTERN-10019,False,True,True,-6.12890625,-0.55712890625,2.005859375,0.04949950935381607,339544.393108624,example_0002,boilerplate,0.1,2048,,
position_sweep,2048,0.10009765625,SCARLET-BREEZE-10020,SCARLET-BREEZE-10020,SCARLET-BREEZE-10020,False,True,True,-10.046875,-0.8369140625,2.46875,,,example_0003,boilerplate,0.1,2048,,
position_sweep,2048,0.10009765625,SABLE-HARBOR-10021,SABLE-HARBOR-10021,SABLE-HARBOR-10021,False,True,True,-14.7109375,-1.3369140625,0.392822265625,,,example_0004,boilerplate,0.1,2048,,
position_sweep,2048,0.10009765625,SILVER-MEADOW-10022,SILVER-MEADOW-10022,SILVER-MEADOW-10022,False,True,True,-15.328125,-1.27734375,1.4140625,,,example_0005,boilerplate,0.1,2048,,
position_sweep,2048,0.10009765625,GOLDEN-LANTERN-10023,GOLDEN-LANTERN-10023,GOLDEN-LANTERN-10023,False,True,True,-13.34375,-1.1123046875,1.310546875,,,example_0006,boilerplate,0.1,2048,,
position_sweep,2048,0.10009765625,TEAL-BREEZE-10024,TEAL-BREEZE-10024,TEAL-BREEZE-10024,False,True,True,-6.87890625,-0.62548828125,0.79345703125,,,example_0007,boilerplate,0.1,2048,,
position_sweep,4096,0.10009765625,AMBER-HARBOR-10017,AMBER-HARBOR-10017,AMBER-HARBOR-10017,False,True,True,-10.3046875,-0.93701171875,0.66552734375,0.04998466546734421,608380.1247630763,example_0000,boilerplate,0.1,4096,0.9871960282325745,0.9799914956092834
position_sweep,4096,0.10009765625,COBALT-MEADOW-10018,COBALT-MEADOW-10018,COBALT-MEADOW-10018,False,True,True,-8.9140625,-0.74267578125,0.94873046875,0.05238112341339894,741332.2922729745,example_0001,boilerplate,0.1,4096,0.9841976165771484,0.978717565536499
position_sweep,4096,0.10009765625,IVORY-LANTERN-10019,IVORY-LANTERN-10019,IVORY-LANTERN-10019,False,True,True,-6.40234375,-0.58203125,1.69921875,0.048694866673884195,508487.08636679937,example_0002,boilerplate,0.1,4096,0.9884770512580872,0.9861826300621033
position_sweep,4096,0.10009765625,SCARLET-BREEZE-10020,SCARLET-BREEZE-10020,SCARLET-BREEZE-10020,False,True,True,-10.46875,-0.87255859375,1.791015625,,,example_0003,boilerplate,0.1,4096,0.9853865504264832,0.9774398803710938
position_sweep,4096,0.10009765625,SABLE-HARBOR-10021,SILENT-SURPRISE-3001,SILENT-SURPRISE-3001,False,False,False,-14.2109375,-1.2919921875,0.69775390625,,,example_0004,boilerplate,0.1,4096,0.981683075428009,0.9702075123786926
position_sweep,4096,0.10009765625,SILVER-MEADOW-10022,SILVER-MEADOW-10022,SILVER-MEADOW-10022,False,True,True,-15.9609375,-1.330078125,1.7744140625,,,example_0005,boilerplate,0.1,4096,0.9895861744880676,0.9893608689308167
position_sweep,4096,0.10009765625,GOLDEN-LANTERN-10023,GOLDEN-LANTERN-10023,GOLDEN-LANTERN-10023,False,True,True,-12.359375,-1.0302734375,2.041015625,,,example_0006,boilerplate,0.1,4096,0.9804080128669739,0.968081533908844
position_sweep,4096,0.10009765625,TEAL-BREEZE-10024,TEAL-BREEZE-10024,TEAL-BREEZE-10024,False,True,True,-7.265625,-0.66064453125,1.134765625,,,example_0007,boilerplate,0.1,4096,0.9900691509246826,0.9900082945823669
position_sweep,2048,0.2998046875,AMBER-HARBOR-10017,"Amber-Harbor-10017
Explanation",Amber-Harbor-10017,False,True,True,-10.1796875,-0.92529296875,1.044921875,0.04566582287162748,73026.71941705325,example_0000,boilerplate,0.3,2048,,
position_sweep,2048,0.2998046875,COBALT-MEADOW-10018,COBALT-MEADOW-10018,COBALT-MEADOW-10018,False,True,True,-8.8359375,-0.73583984375,1.251953125,0.05435343078130025,318298.45282626426,example_0001,boilerplate,0.3,2048,,
position_sweep,2048,0.2998046875,IVORY-LANTERN-10019,IVORY-LANTERN-10019,IVORY-LANTERN-10019,False,True,True,-6.60546875,-0.6005859375,2.220703125,0.058366370433241097,57322.40152752211,example_0002,boilerplate,0.3,2048,,
position_sweep,2048,0.2998046875,SCARLET-BREEZE-10020,SCARLET-BREEZE-10020,SCARLET-BREEZE-10020,False,True,True,-10.34375,-0.8623046875,1.9482421875,,,example_0003,boilerplate,0.3,2048,,
position_sweep,2048,0.2998046875,SABLE-HARBOR-10021,SABLE-HARBOR-10021,SABLE-HARBOR-10021,False,True,True,-15.1015625,-1.373046875,0.450439453125,,,example_0004,boilerplate,0.3,2048,,
position_sweep,2048,0.2998046875,SILVER-MEADOW-10022,SILVER-MEADOW-10022,SILVER-MEADOW-10022,False,True,True,-14.953125,-1.24609375,1.6259765625,,,example_0005,boilerplate,0.3,2048,,
position_sweep,2048,0.2998046875,GOLDEN-LANTERN-10023,GOLDEN-LANTERN-10023,GOLDEN-LANTERN-10023,False,True,True,-14.21875,-1.1845703125,1.44921875,,,example_0006,boilerplate,0.3,2048,,
position_sweep,2048,0.2998046875,TEAL-BREEZE-10024,TEAL-BREEZE-10024,TEAL-BREEZE-10024,False,True,True,-7.38671875,-0.67138671875,0.9375,,,example_0007,boilerplate,0.3,2048,,
position_sweep,4096,0.300048828125,AMBER-HARBOR-10017,AMBER-HARBOR-10017,AMBER-HARBOR-10017,False,True,True,-9.609375,-0.873046875,1.0478515625,0.04819143018290558,375916.0921026324,example_0000,boilerplate,0.3,4096,0.9811061024665833,0.9845073819160461
position_sweep,4096,0.300048828125,COBALT-MEADOW-10018,COBALT-MEADOW-10018,COBALT-MEADOW-10018,False,True,True,-9.65625,-0.8046875,1.6357421875,0.04531262543526643,330732.17485524825,example_0001,boilerplate,0.3,4096,0.9826125502586365,0.9770978093147278
position_sweep,4096,0.300048828125,IVORY-LANTERN-10019,IVORY-LANTERN-10019,IVORY-LANTERN-10019,False,True,True,-7.2890625,-0.66259765625,2.892578125,0.0421459693606031,734847.535139002,example_0002,boilerplate,0.3,4096,0.9821717143058777,0.9704315066337585
position_sweep,4096,0.300048828125,SCARLET-BREEZE-10020,SCARLET-BREEZE-10020,SCARLET-BREEZE-10020,False,True,True,-10.9296875,-0.91064453125,2.4375,,,example_0003,boilerplate,0.3,4096,0.9851800799369812,0.9845455288887024
position_sweep,4096,0.300048828125,SABLE-HARBOR-10021,SILENT-SURPRISE-3001,SILENT-SURPRISE-3001,False,False,False,-14.7578125,-1.341796875,0.465087890625,,,example_0004,boilerplate,0.3,4096,0.9845173954963684,0.9780468940734863
position_sweep,4096,0.300048828125,SILVER-MEADOW-10022,The security answer is SILVER-MEADOW-10,The security answer is SILVER-MEADOW-10,False,False,False,-15.375,-1.28125,2.0390625,,,example_0005,boilerplate,0.3,4096,0.9861443638801575,0.9810555577278137
position_sweep,4096,0.300048828125,GOLDEN-LANTERN-10023,GOLDEN-LANTERN-10023,GOLDEN-LANTERN-10023,False,True,True,-13.8203125,-1.1513671875,2.13671875,,,example_0006,boilerplate,0.3,4096,0.9819117188453674,0.9755545258522034
position_sweep,4096,0.300048828125,TEAL-BREEZE-10024,TEAL-BREEZE-10024,TEAL-BREEZE-10024,False,True,True,-7.27734375,-0.66162109375,1.498046875,,,example_0007,boilerplate,0.3,4096,0.9860081076622009,0.9841907620429993
position_sweep,2048,0.5,AMBER-HARBOR-10017,AMBER-HARBOR-10017,AMBER-HARBOR-10017,False,True,True,-10.5078125,-0.95556640625,0.681640625,0.05242618748898331,157751.6630782776,example_0000,boilerplate,0.5,2048,,
position_sweep,2048,0.5,COBALT-MEADOW-10018,COBALT-MEADOW-10018,COBALT-MEADOW-10018,False,True,True,-9.640625,-0.8037109375,1.2900390625,0.05490369151727931,174536.90273918692,example_0001,boilerplate,0.5,2048,,
position_sweep,2048,0.5,IVORY-LANTERN-10019,IVORY-LANTERN-10019,IVORY-LANTERN-10019,False,True,True,-7.03515625,-0.6396484375,1.3701171875,0.060336698130736076,197238.61874604394,example_0002,boilerplate,0.5,2048,,
position_sweep,2048,0.5,SCARLET-BREEZE-10020,SCARLET-BREEZE-10020,SCARLET-BREEZE-10020,False,True,True,-10.7578125,-0.896484375,1.5361328125,,,example_0003,boilerplate,0.5,2048,,
position_sweep,2048,0.5,SABLE-HARBOR-10021,SABLE-HARBOR-10021,SABLE-HARBOR-10021,False,True,True,-14.65625,-1.33203125,0.3125,,,example_0004,boilerplate,0.5,2048,,
position_sweep,2048,0.5,SILVER-MEADOW-10022,SILVER-MEADOW-10022,SILVER-MEADOW-10022,False,True,True,-15.75,-1.3125,1.333984375,,,example_0005,boilerplate,0.5,2048,,
position_sweep,2048,0.5,GOLDEN-LANTERN-10023,GOLDEN-LANTERN-10023,GOLDEN-LANTERN-10023,False,True,True,-13.546875,-1.12890625,1.3232421875,,,example_0006,boilerplate,0.5,2048,,
position_sweep,2048,0.5,TEAL-BREEZE-10024,TEAL-BREEZE-10024,TEAL-BREEZE-10024,False,True,True,-7.625,-0.693359375,0.541015625,,,example_0007,boilerplate,0.5,2048,,
position_sweep,4096,0.5,AMBER-HARBOR-10017,AMBER-HARBOR-10017,AMBER-HARBOR-10017,False,True,True,-10.1484375,-0.92236328125,1.0810546875,0.046255860179329665,956230.6597165458,example_0000,boilerplate,0.5,4096,0.9818418622016907,0.9701661467552185
position_sweep,4096,0.5,COBALT-MEADOW-10018,COBALT-MEADOW-10018,COBALT-MEADOW-10018,False,True,True,-9.328125,-0.77734375,1.02734375,0.04809741828427313,1109860.7598937086,example_0001,boilerplate,0.5,4096,0.9822260737419128,0.9805262684822083
position_sweep,4096,0.5,IVORY-LANTERN-10019,IVORY-LANTERN-10019,IVORY-LANTERN-10019,False,True,True,-7.27734375,-0.66162109375,2.587890625,0.04389360722963561,1099339.3799768868,example_0002,boilerplate,0.5,4096,0.976082980632782,0.9549652934074402
position_sweep,4096,0.5,SCARLET-BREEZE-10020,SCARLET-BREEZE-10020,SCARLET-BREEZE-10020,False,True,True,-10.703125,-0.89208984375,1.9462890625,,,example_0003,boilerplate,0.5,4096,0.9881978034973145,0.9876896739006042
position_sweep,4096,0.5,SABLE-HARBOR-10021,SABLE-HARBOR-10021,SABLE-HARBOR-10021,False,True,True,-14.5625,-1.32421875,0.409423828125,,,example_0004,boilerplate,0.5,4096,0.9835958480834961,0.9760165214538574
position_sweep,4096,0.5,SILVER-MEADOW-10022,SILVER-MEADOW-10022,SILVER-MEADOW-10022,False,True,True,-14.5859375,-1.2158203125,1.576171875,,,example_0005,boilerplate,0.5,4096,0.9828292727470398,0.9835619926452637
position_sweep,4096,0.5,GOLDEN-LANTERN-10023,GOLDEN-LANTERN-10023,GOLDEN-LANTERN-10023,False,True,True,-12.7734375,-1.064453125,1.57421875,,,example_0006,boilerplate,0.5,4096,0.9851805567741394,0.9833001494407654
position_sweep,4096,0.5,TEAL-BREEZE-10024,TEAL-BREEZE-10024,TEAL-BREEZE-10024,False,True,True,-7.3125,-0.66455078125,1.1796875,,,example_0007,boilerplate,0.5,4096,0.984805166721344,0.9807429313659668
position_sweep,2048,0.7001953125,AMBER-HARBOR-10017,AMBER-HARBOR-10017,AMBER-HARBOR-10017,False,True,True,-10.1640625,-0.92431640625,1.134765625,0.05404569562811888,175719.5340130776,example_0000,boilerplate,0.7,2048,,
position_sweep,2048,0.7001953125,COBALT-MEADOW-10018,COBALT-MEADOW-10018,COBALT-MEADOW-10018,False,True,True,-10.7421875,-0.89501953125,0.8974609375,0.052238070139969776,90576.88421487536,example_0001,boilerplate,0.7,2048,,
position_sweep,2048,0.7001953125,IVORY-LANTERN-10019,IVORY-LANTERN-10019,IVORY-LANTERN-10019,False,True,True,-7.1796875,-0.65234375,1.30078125,0.06761827753607456,443410.8748859425,example_0002,boilerplate,0.7,2048,,
position_sweep,2048,0.7001953125,SCARLET-BREEZE-10020,SCARLET-BREEZE-10020,SCARLET-BREEZE-10020,False,True,True,-11.2578125,-0.9384765625,1.326171875,,,example_0003,boilerplate,0.7,2048,,
position_sweep,2048,0.7001953125,SABLE-HARBOR-10021,The security answer is SABLE-HARBOR-10,The security answer is SABLE-HARBOR-10,False,False,False,-15.15625,-1.3779296875,1.20703125,,,example_0004,boilerplate,0.7,2048,,
position_sweep,2048,0.7001953125,SILVER-MEADOW-10022,SILVER-MEADOW-10022,SILVER-MEADOW-10022,False,True,True,-16.03125,-1.3369140625,1.6318359375,,,example_0005,boilerplate,0.7,2048,,
position_sweep,2048,0.7001953125,GOLDEN-LANTERN-10023,GOLDEN-LANTERN-10023,GOLDEN-LANTERN-10023,False,True,True,-14.609375,-1.2177734375,1.685546875,,,example_0006,boilerplate,0.7,2048,,
position_sweep,2048,0.7001953125,TEAL-BREEZE-10024,TEAL-BREEZE-10024,TEAL-BREEZE-10024,False,True,True,-7.6953125,-0.69970703125,0.8388671875,,,example_0007,boilerplate,0.7,2048,,
position_sweep,4096,0.699951171875,AMBER-HARBOR-10017,AMBER-HARBOR-10017,AMBER-HARBOR-10017,False,True,True,-10.3046875,-0.9365234375,1.142578125,0.04441646301261777,1868683.1347383768,example_0000,boilerplate,0.7,4096,0.9787917137145996,0.968853235244751
position_sweep,4096,0.699951171875,COBALT-MEADOW-10018,COBALT-MEADOW-10018,COBALT-MEADOW-10018,False,True,True,-10.296875,-0.8583984375,0.99462890625,0.05701638681017714,1963721.816698322,example_0001,boilerplate,0.7,4096,0.9853580594062805,0.9832356572151184
position_sweep,4096,0.699951171875,IVORY-LANTERN-10019,IVORY-LANTERN-10019,IVORY-LANTERN-10019,False,True,True,-7.16796875,-0.65185546875,2.265625,0.053753574481881804,1752598.2991793584,example_0002,boilerplate,0.7,4096,0.9839129447937012,0.9764758944511414
position_sweep,4096,0.699951171875,SCARLET-BREEZE-10020,SCARLET-BREEZE-10020,SCARLET-BREEZE-10020,False,True,True,-10.59375,-0.8828125,1.9833984375,,,example_0003,boilerplate,0.7,4096,0.9830301403999329,0.9788274168968201
position_sweep,4096,0.699951171875,SABLE-HARBOR-10021,SABLE-HARBOR-10021,SABLE-HARBOR-10021,False,True,True,-14.5703125,-1.32421875,0.52734375,,,example_0004,boilerplate,0.7,4096,0.9743602871894836,0.9498175978660583
position_sweep,4096,0.699951171875,SILVER-MEADOW-10022,SILVER-MEADOW-10022,SILVER-MEADOW-10022,False,True,True,-16.0,-1.333984375,1.77734375,,,example_0005,boilerplate,0.7,4096,0.9885833859443665,0.984731912612915
position_sweep,4096,0.699951171875,GOLDEN-LANTERN-10023,GOLDEN-LANTERN-10023,GOLDEN-LANTERN-10023,False,True,True,-14.0234375,-1.1689453125,1.318359375,,,example_0006,boilerplate,0.7,4096,0.9856144785881042,0.9828088283538818
position_sweep,4096,0.699951171875,TEAL-BREEZE-10024,TEAL-BREEZE-10024,TEAL-BREEZE-10024,False,True,True,-7.62109375,-0.69287109375,0.9990234375,,,example_0007,boilerplate,0.7,4096,0.9860461354255676,0.9835044741630554
position_sweep,2048,0.89990234375,AMBER-HARBOR-10017,AMBER-HARBOR-10017,AMBER-HARBOR-10017,False,True,True,-10.5625,-0.96044921875,0.83984375,0.05327364543111288,949501.374125043,example_0000,boilerplate,0.9,2048,,
position_sweep,2048,0.89990234375,COBALT-MEADOW-10018,COBALT-MEADOW-10018,COBALT-MEADOW-10018,False,True,True,-9.9140625,-0.826171875,1.21875,0.056403299009838544,831336.7940833125,example_0001,boilerplate,0.9,2048,,
position_sweep,2048,0.89990234375,IVORY-LANTERN-10019,IVORY-LANTERN-10019,IVORY-LANTERN-10019,False,True,True,-7.03125,-0.63916015625,1.3212890625,0.06724884610313835,1485582.752666824,example_0002,boilerplate,0.9,2048,,
position_sweep,2048,0.89990234375,SCARLET-BREEZE-10020,SCARLET-BREEZE-10020,SCARLET-BREEZE-10020,False,True,True,-11.171875,-0.9306640625,1.7236328125,,,example_0003,boilerplate,0.9,2048,,
position_sweep,2048,0.89990234375,SABLE-HARBOR-10021,SABLE-HARBOR-10021,SABLE-HARBOR-10021,False,True,True,-15.1796875,-1.3798828125,0.54638671875,,,example_0004,boilerplate,0.9,2048,,
position_sweep,2048,0.89990234375,SILVER-MEADOW-10022,SILVER-MEADOW-10022,SILVER-MEADOW-10022,False,True,True,-15.765625,-1.3134765625,1.4443359375,,,example_0005,boilerplate,0.9,2048,,
position_sweep,2048,0.89990234375,GOLDEN-LANTERN-10023,GOLDEN-LANTERN-10023,GOLDEN-LANTERN-10023,False,True,True,-14.0,-1.1669921875,1.330078125,,,example_0006,boilerplate,0.9,2048,,
position_sweep,2048,0.89990234375,TEAL-BREEZE-10024,TEAL-BREEZE-10024,TEAL-BREEZE-10024,False,True,True,-7.48828125,-0.68115234375,0.84716796875,,,example_0007,boilerplate,0.9,2048,,
position_sweep,4096,0.89990234375,AMBER-HARBOR-10017,AMBER-HARBOR-10017,AMBER-HARBOR-10017,False,True,True,-10.625,-0.96630859375,1.0654296875,0.051616172785279746,380990.34046964376,example_0000,boilerplate,0.9,4096,0.9862954020500183,0.9850127100944519
position_sweep,4096,0.89990234375,COBALT-MEADOW-10018,COBALT-MEADOW-10018,COBALT-MEADOW-10018,False,True,True,-10.5390625,-0.87841796875,1.4443359375,0.04504902015813797,595992.8185520392,example_0001,boilerplate,0.9,4096,0.9794155955314636,0.9719750285148621
position_sweep,4096,0.89990234375,IVORY-LANTERN-10019,IVORY-LANTERN-10019,IVORY-LANTERN-10019,False,True,True,-7.48828125,-0.68115234375,2.06640625,0.05607045330092612,656555.5199780957,example_0002,boilerplate,0.9,4096,0.9827551245689392,0.9747107625007629
position_sweep,4096,0.89990234375,SCARLET-BREEZE-10020,SCARLET-BREEZE-10020,SCARLET-BREEZE-10020,False,True,True,-11.2734375,-0.939453125,2.181640625,,,example_0003,boilerplate,0.9,4096,0.9868268370628357,0.9889419078826904
position_sweep,4096,0.89990234375,SABLE-HARBOR-10021,SABLE-HARBOR-10021,SABLE-HARBOR-10021,False,True,True,-14.7265625,-1.3388671875,0.67578125,,,example_0004,boilerplate,0.9,4096,0.9825581908226013,0.9797013401985168
position_sweep,4096,0.89990234375,SILVER-MEADOW-10022,SILVER-MEADOW-10022,SILVER-MEADOW-10022,False,True,True,-15.7578125,-1.3134765625,2.0546875,,,example_0005,boilerplate,0.9,4096,0.9840183258056641,0.9798262715339661
position_sweep,4096,0.89990234375,GOLDEN-LANTERN-10023,GOLDEN-LANTERN-10023,GOLDEN-LANTERN-10023,False,True,True,-13.421875,-1.1181640625,1.28515625,,,example_0006,boilerplate,0.9,4096,0.9867361187934875,0.9874263405799866
position_sweep,4096,0.89990234375,TEAL-BREEZE-10024,TEAL-BREEZE-10024,TEAL-BREEZE-10024,False,True,True,-7.87890625,-0.71630859375,1.451171875,,,example_0007,boilerplate,0.9,4096,0.9851444363594055,0.9821403622627258
position_sweep,2048,0.10009765625,AMBER-HARBOR-10017,AMBER-HARBOR-10017,AMBER-HARBOR-10017,False,True,True,-9.328125,-0.84814453125,2.267578125,0.020386766583098213,446314.2378836184,example_0000,code,0.1,2048,,
position_sweep,2048,0.10009765625,COBALT-MEADOW-10018,COBALT-MEADOW-10018,COBALT-MEADOW-10018,False,True,True,-9.5234375,-0.7939453125,1.5224609375,0.025987937796939167,78746.72795024358,example_0001,code,0.1,2048,,
position_sweep,2048,0.10009765625,IVORY-LANTERN-10019,"The security answer provided by the code snippet is ""IVORY","The security answer provided by the code snippet is ""IVORY",False,False,False,-7.86328125,-0.71484375,2.568359375,0.03396226588024055,81781.15147059494,example_0002,code,0.1,2048,,
position_sweep,2048,0.10009765625,SCARLET-BREEZE-10020,SCARLET-BREEZE-10020,SCARLET-BREEZE-10020,False,True,True,-9.6875,-0.8076171875,2.3359375,,,example_0003,code,0.1,2048,,
position_sweep,2048,0.10009765625,SABLE-HARBOR-10021,SABLE-HARBOR-10021,SABLE-HARBOR-10021,False,True,True,-12.9609375,-1.177734375,1.470703125,,,example_0004,code,0.1,2048,,
position_sweep,2048,0.10009765625,SILVER-MEADOW-10022,"The security answer is missing. 

Explanation: In the provided",The security answer is missing,False,False,False,-12.8125,-1.0673828125,1.8603515625,,,example_0005,code,0.1,2048,,
position_sweep,2048,0.10009765625,GOLDEN-LANTERN-10023,"The security answer provided in the given text is ""GOLD","The security answer provided in the given text is ""GOLD",False,False,False,-11.40625,-0.9501953125,2.447265625,,,example_0006,code,0.1,2048,,
position_sweep,2048,0.10009765625,TEAL-BREEZE-10024,TEAL-BREEZE-10024,TEAL-BREEZE-10024,False,True,True,-6.9375,-0.630859375,1.9921875,,,example_0007,code,0.1,2048,,
position_sweep,4096,0.10009765625,AMBER-HARBOR-10017,AMBER-HARBOR-10017,AMBER-HARBOR-10017,False,True,True,-8.5,-0.7724609375,1.4921875,0.03500887559039286,1324354.8894783058,example_0000,code,0.1,4096,0.9689444899559021,0.9557735323905945
position_sweep,4096,0.10009765625,COBALT-MEADOW-10018,"The security answer is ""COBALT-MEADOW-","The security answer is ""COBALT-MEADOW-",False,False,False,-9.875,-0.8232421875,1.94140625,0.013125054937646636,2013551.198387934,example_0001,code,0.1,4096,0.9597856402397156,0.9504828453063965
position_sweep,4096,0.10009765625,IVORY-LANTERN-10019,IVORY-LANTERN-10019,IVORY-LANTERN-10019,False,True,True,-7.14453125,-0.6494140625,2.140625,0.03941468226384491,1735117.081261945,example_0002,code,0.1,4096,0.9641099572181702,0.9551000595092773
position_sweep,4096,0.10009765625,SCARLET-BREEZE-10020,The security answer is SCARLET-BREEZE-1,The security answer is SCARLET-BREEZE-1,False,False,False,-9.8515625,-0.8212890625,1.529296875,,,example_0003,code,0.1,4096,0.9633622169494629,0.9527495503425598
position_sweep,4096,0.10009765625,SABLE-HARBOR-10021,SABLE-HARBOR-10021,SABLE-HARBOR-10021,False,True,True,-13.8828125,-1.26171875,1.3896484375,,,example_0004,code,0.1,4096,0.9784106612205505,0.9580678343772888
position_sweep,4096,0.10009765625,SILVER-MEADOW-10022,"The security answer is ""SILVER-MEADOW-","The security answer is ""SILVER-MEADOW-",False,False,False,-15.3046875,-1.275390625,2.041015625,,,example_0005,code,0.1,4096,0.9665102958679199,0.9519464373588562
position_sweep,4096,0.10009765625,GOLDEN-LANTERN-10023,"The security answer is ""missing"". 

Question: How many","The security answer is ""missing",False,False,False,-12.9296875,-1.0771484375,1.7958984375,,,example_0006,code,0.1,4096,0.9551828503608704,0.9320414662361145
position_sweep,4096,0.10009765625,TEAL-BREEZE-10024,"The security answer provided by the function is ""TEAL-B","The security answer provided by the function is ""TEAL-B",False,False,False,-7.91796875,-0.7197265625,1.6259765625,,,example_0007,code,0.1,4096,0.9819398522377014,0.9744483828544617
position_sweep,2048,0.2998046875,AMBER-HARBOR-10017,"The security answer provided in the given text is ""AMBER","The security answer provided in the given text is ""AMBER",False,False,False,-8.796875,-0.7998046875,2.052734375,0.027406875677986334,340491.7055770046,example_0000,code,0.3,2048,,
position_sweep,2048,0.2998046875,COBALT-MEADOW-10018,COBALT-MEADOW-10018,COBALT-MEADOW-10018,False,True,True,-8.828125,-0.73583984375,1.0029296875,0.034631957670939836,343573.0649166585,example_0001,code,0.3,2048,,
position_sweep,2048,0.2998046875,IVORY-LANTERN-10019,"The security answer is ""IVORY-LANTERN-1","The security answer is ""IVORY-LANTERN-1",False,False,False,-9.4140625,-0.85546875,2.029296875,0.015899014739854472,356274.9016891994,example_0002,code,0.3,2048,,
position_sweep,2048,0.2998046875,SCARLET-BREEZE-10020,The security answer is SCARLET-BREEZE-1,The security answer is SCARLET-BREEZE-1,False,False,False,-9.34375,-0.77880859375,2.072265625,,,example_0003,code,0.3,2048,,
position_sweep,2048,0.2998046875,SABLE-HARBOR-10021,SABLE-HARBOR-10021,SABLE-HARBOR-10021,False,True,True,-13.1640625,-1.1962890625,1.580078125,,,example_0004,code,0.3,2048,,
position_sweep,2048,0.2998046875,SILVER-MEADOW-10022,SILVER-MEADOW-10022,SILVER-MEADOW-10022,False,True,True,-15.890625,-1.32421875,1.3212890625,,,example_0005,code,0.3,2048,,
position_sweep,2048,0.2998046875,GOLDEN-LANTERN-10023,The security answer is GOLDEN-LANTERN-10,The security answer is GOLDEN-LANTERN-10,False,False,False,-14.09375,-1.173828125,1.455078125,,,example_0006,code,0.3,2048,,
position_sweep,2048,0.2998046875,TEAL-BREEZE-10024,TEAL-BREEZE-10024,TEAL-BREEZE-10024,False,True,True,-6.69921875,-0.60888671875,1.7470703125,,,example_0007,code,0.3,2048,,
position_sweep,4096,0.300048828125,AMBER-HARBOR-10017,AMBER-HARBOR-10017,AMBER-HARBOR-10017,False,True,True,-8.3984375,-0.76318359375,2.234375,0.02808457346980324,1275459.3129392394,example_0000,code,0.3,4096,0.9760034680366516,0.9724391102790833
position_sweep,4096,0.300048828125,COBALT-MEADOW-10018,COBALT-MEADOW-10018,COBALT-MEADOW-10018,False,True,True,-8.75,-0.7294921875,1.5087890625,0.030794815378950954,1114389.4943487556,example_0001,code,0.3,4096,0.9876534938812256,0.9825048446655273
position_sweep,4096,0.300048828125,IVORY-LANTERN-10019,"The security answer provided in the given text is ""IVORY","The security answer provided in the given text is ""IVORY",False,False,False,-8.421875,-0.765625,2.005859375,0.03010499933059938,795830.769002242,example_0002,code,0.3,4096,0.9414234161376953,0.942069947719574
position_sweep,4096,0.300048828125,SCARLET-BREEZE-10020,SCARLET-BREEZE-10020,SCARLET-BREEZE-10020,False,True,True,-9.5390625,-0.794921875,1.689453125,,,example_0003,code,0.3,4096,0.9682517647743225,0.9617754817008972
position_sweep,4096,0.300048828125,SABLE-HARBOR-10021,SABLE-HARBOR-10021,SABLE-HARBOR-10021,False,True,True,-14.2421875,-1.294921875,1.3427734375,,,example_0004,code,0.3,4096,0.9771953225135803,0.958042323589325
position_sweep,4096,0.300048828125,SILVER-MEADOW-10022,"The security answer is ""SILVER-MEADOW-","The security answer is ""SILVER-MEADOW-",False,False,False,-15.0234375,-1.251953125,1.728515625,,,example_0005,code,0.3,4096,0.9792502522468567,0.965027391910553
position_sweep,4096,0.300048828125,GOLDEN-LANTERN-10023,"The security answer is ""missing"". This value indicates that there","The security answer is ""missing"". This value indicates that there",False,False,False,-15.015625,-1.2509765625,1.55859375,,,example_0006,code,0.3,4096,0.9523787498474121,0.9050478935241699
position_sweep,4096,0.300048828125,TEAL-BREEZE-10024,TEAL-BREEZE-10024,TEAL-BREEZE-10024,False,True,True,-7.08203125,-0.64404296875,1.9677734375,,,example_0007,code,0.3,4096,0.9821969866752625,0.9710566401481628
position_sweep,2048,0.5,AMBER-HARBOR-10017,AMBER-HARBOR-10017,AMBER-HARBOR-10017,False,True,True,-8.9375,-0.81201171875,1.724609375,0.0372121993285236,428692.7048532348,example_0000,code,0.5,2048,,
position_sweep,2048,0.5,COBALT-MEADOW-10018,COBALT-MEADOW-10018,COBALT-MEADOW-10018,False,True,True,-9.125,-0.7607421875,1.0986328125,0.04088091005740292,546728.8382012306,example_0001,code,0.5,2048,,
position_sweep,2048,0.5,IVORY-LANTERN-10019,IVORY-LANTERN-10019,IVORY-LANTERN-10019,False,True,True,-7.41796875,-0.67431640625,2.755859375,0.04663265585065282,471078.41233474045,example_0002,code,0.5,2048,,
position_sweep,2048,0.5,SCARLET-BREEZE-10020,SCARLET-BREEZE-10020,SCARLET-BREEZE-10020,False,True,True,-10.375,-0.86474609375,1.1318359375,,,example_0003,code,0.5,2048,,
position_sweep,2048,0.5,SABLE-HARBOR-10021,SABLE-HARBOR-10021,SABLE-HARBOR-10021,False,True,True,-13.8203125,-1.2568359375,0.7978515625,,,example_0004,code,0.5,2048,,
position_sweep,2048,0.5,SILVER-MEADOW-10022,SILVER-MEADOW-10022,SILVER-MEADOW-10022,False,True,True,-16.34375,-1.3623046875,1.0498046875,,,example_0005,code,0.5,2048,,
position_sweep,2048,0.5,GOLDEN-LANTERN-10023,The security answer is GOLDEN-LANTERN-10,The security answer is GOLDEN-LANTERN-10,False,False,False,-13.0078125,-1.083984375,2.23046875,,,example_0006,code,0.5,2048,,
position_sweep,2048,0.5,TEAL-BREEZE-10024,TEAL-BREEZE-10024,TEAL-BREEZE-10024,False,True,True,-7.56640625,-0.68798828125,0.79150390625,,,example_0007,code,0.5,2048,,
position_sweep,4096,0.5,AMBER-HARBOR-10017,AMBER-HARBOR-10017,AMBER-HARBOR-10017,False,True,True,-8.1640625,-0.7421875,2.55859375,0.0248538435817,1563467.6975328836,example_0000,code,0.5,4096,0.9644097685813904,0.9546907544136047
position_sweep,4096,0.5,COBALT-MEADOW-10018,"The security answer is ""missing"".Human: Can you","The security answer is ""missing"".Human: Can you",False,False,False,-11.5390625,-0.96142578125,2.34765625,0.006246536132840044,1173116.182760105,example_0001,code,0.5,4096,0.945742130279541,0.8689346313476562
position_sweep,4096,0.5,IVORY-LANTERN-10019,"The security answer provided by the given text is ""IVORY","The security answer provided by the given text is ""IVORY",False,False,False,-10.7265625,-0.974609375,1.390625,0.017793995348386514,1999758.9628836573,example_0002,code,0.5,4096,0.9352300763130188,0.8915634751319885
position_sweep,4096,0.5,SCARLET-BREEZE-10020,SCARLET-BREEZE-10020,SCARLET-BREEZE-10020,False,True,True,-10.2890625,-0.857421875,1.70703125,,,example_0003,code,0.5,4096,0.987052857875824,0.9815343022346497
position_sweep,4096,0.5,SABLE-HARBOR-10021,SABLE-HARBOR-10021,SABLE-HARBOR-10021,False,True,True,-13.1328125,-1.1943359375,1.0537109375,,,example_0004,code,0.5,4096,0.9821487069129944,0.981290876865387
position_sweep,4096,0.5,SILVER-MEADOW-10022,The security answer is 'SILVER-MEADOW-,The security answer is 'SILVER-MEADOW-,False,False,False,-13.4296875,-1.119140625,2.63671875,,,example_0005,code,0.5,4096,0.9656644463539124,0.9565117359161377
position_sweep,4096,0.5,GOLDEN-LANTERN-10023,"The security answer is ""GOLDEN-LANTERN-","The security answer is ""GOLDEN-LANTERN-",False,False,False,-9.90625,-0.8251953125,2.556640625,,,example_0006,code,0.5,4096,0.9657397866249084,0.9399487376213074
position_sweep,4096,0.5,TEAL-BREEZE-10024,TEAL-BREEZE-10024,TEAL-BREEZE-10024,False,True,True,-6.984375,-0.634765625,1.8408203125,,,example_0007,code,0.5,4096,0.9752905964851379,0.955524742603302
position_sweep,2048,0.7001953125,AMBER-HARBOR-10017,AMBER-HARBOR-10017,AMBER-HARBOR-10017,False,True,True,-9.734375,-0.884765625,2.142578125,0.03839699374632395,452574.32084002346,example_0000,code,0.7,2048,,
position_sweep,2048,0.7001953125,COBALT-MEADOW-10018,COBALT-MEADOW-10018,COBALT-MEADOW-10018,False,True,True,-9.421875,-0.78515625,1.3125,0.03306769374244952,449060.62885594676,example_0001,code,0.7,2048,,
position_sweep,2048,0.7001953125,IVORY-LANTERN-10019,"The security answer provided in the given text is ""IVORY","The security answer provided in the given text is ""IVORY",False,False,False,-7.80078125,-0.708984375,2.203125,0.04347683946659501,373870.6537919418,example_0002,code,0.7,2048,,
position_sweep,2048,0.7001953125,SCARLET-BREEZE-10020,SCARLET-BREEZE-10020,SCARLET-BREEZE-10020,False,True,True,-10.46875,-0.87255859375,1.8310546875,,,example_0003,code,0.7,2048,,
position_sweep,2048,0.7001953125,SABLE-HARBOR-10021,SABLE-HARBOR-10021,SABLE-HARBOR-10021,False,True,True,-13.46875,-1.224609375,0.9599609375,,,example_0004,code,0.7,2048,,
position_sweep,2048,0.7001953125,SILVER-MEADOW-10022,"The security answer provided by the script is ""SILVER","The security answer provided by the script is ""SILVER",False,False,False,-14.7421875,-1.228515625,2.263671875,,,example_0005,code,0.7,2048,,
position_sweep,2048,0.7001953125,GOLDEN-LANTERN-10023,"The security answer provided by the script is ""GOLDEN","The security answer provided by the script is ""GOLDEN",False,False,False,-12.71875,-1.0595703125,1.9765625,,,example_0006,code,0.7,2048,,
position_sweep,2048,0.7001953125,TEAL-BREEZE-10024,TEAL-BREEZE-10024,TEAL-BREEZE-10024,False,True,True,-7.328125,-0.666015625,1.580078125,,,example_0007,code,0.7,2048,,
position_sweep,4096,0.699951171875,AMBER-HARBOR-10017,AMBER-HARBOR-10017,AMBER-HARBOR-10017,False,True,True,-8.9609375,-0.814453125,2.38671875,0.031340828536985485,2198885.0783257983,example_0000,code,0.7,4096,0.9806510806083679,0.9749293327331543
position_sweep,4096,0.699951171875,COBALT-MEADOW-10018,COBALT-MEADOW-10018,COBALT-MEADOW-10018,False,True,True,-9.3671875,-0.78076171875,1.6142578125,0.037010977052314056,1996510.7275892557,example_0001,code,0.7,4096,0.9665408134460449,0.9630029201507568
position_sweep,4096,0.699951171875,IVORY-LANTERN-10019,IVORY-LANTERN-10019,IVORY-LANTERN-10019,False,True,True,-7.3203125,-0.66552734375,2.306640625,0.051298023960077356,2523181.8062362038,example_0002,code,0.7,4096,0.9815894961357117,0.9748051166534424
position_sweep,4096,0.699951171875,SCARLET-BREEZE-10020,SCARLET-BREEZE-10020,SCARLET-BREEZE-10020,False,True,True,-11.0546875,-0.9208984375,1.8154296875,,,example_0003,code,0.7,4096,0.9871657490730286,0.9831245541572571
position_sweep,4096,0.699951171875,SABLE-HARBOR-10021,SABLE-HARBOR-10021,SABLE-HARBOR-10021,False,True,True,-13.4375,-1.2216796875,1.25390625,,,example_0004,code,0.7,4096,0.9720773100852966,0.9629383087158203
position_sweep,4096,0.699951171875,SILVER-MEADOW-10022,"The security answer is ""SILVER-MEADOW-","The security answer is ""SILVER-MEADOW-",False,False,False,-14.1953125,-1.1826171875,2.263671875,,,example_0005,code,0.7,4096,0.9828219413757324,0.9742762446403503
position_sweep,4096,0.699951171875,GOLDEN-LANTERN-10023,"The security answer is ""GOLDEN-LANTERN-","The security answer is ""GOLDEN-LANTERN-",False,False,False,-13.6484375,-1.13671875,2.095703125,,,example_0006,code,0.7,4096,0.986051082611084,0.9798178672790527
position_sweep,4096,0.699951171875,TEAL-BREEZE-10024,"The security answer provided by the script is ""TEAL-B","The security answer provided by the script is ""TEAL-B",False,False,False,-6.97265625,-0.6337890625,2.396484375,,,example_0007,code,0.7,4096,0.9720839858055115,0.9522378444671631
position_sweep,2048,0.89990234375,AMBER-HARBOR-10017,AMBER-HARBOR-10017,AMBER-HARBOR-10017,False,True,True,-9.9375,-0.90380859375,0.716796875,0.05179916900951978,2533507.213772602,example_0000,code,0.9,2048,,
position_sweep,2048,0.89990234375,COBALT-MEADOW-10018,COBALT-MEADOW-10018,COBALT-MEADOW-10018,False,True,True,-9.421875,-0.78564453125,2.154296875,0.03627555369768383,1746547.7445720243,example_0001,code,0.9,2048,,
position_sweep,2048,0.89990234375,IVORY-LANTERN-10019,IVORY-LANTERN-10019,IVORY-LANTERN-10019,False,True,True,-6.72265625,-0.611328125,1.9482421875,0.06092857703847824,1869007.2433001127,example_0002,code,0.9,2048,,
position_sweep,2048,0.89990234375,SCARLET-BREEZE-10020,SCARLET-BREEZE-10020,SCARLET-BREEZE-10020,False,True,True,-10.546875,-0.87890625,1.3125,,,example_0003,code,0.9,2048,,
position_sweep,2048,0.89990234375,SABLE-HARBOR-10021,SABLE-HARBOR-10021,SABLE-HARBOR-10021,False,True,True,-14.6328125,-1.330078125,0.398193359375,,,example_0004,code,0.9,2048,,
position_sweep,2048,0.89990234375,SILVER-MEADOW-10022,SILVER-MEADOW-10022,SILVER-MEADOW-10022,False,True,True,-13.25,-1.1044921875,2.19921875,,,example_0005,code,0.9,2048,,
position_sweep,2048,0.89990234375,GOLDEN-LANTERN-10023,GOLDEN-LANTERN-10023,GOLDEN-LANTERN-10023,False,True,True,-12.296875,-1.0244140625,2.458984375,,,example_0006,code,0.9,2048,,
position_sweep,2048,0.89990234375,TEAL-BREEZE-10024,TEAL-BREEZE-10024,TEAL-BREEZE-10024,False,True,True,-7.15234375,-0.64990234375,1.298828125,,,example_0007,code,0.9,2048,,
position_sweep,4096,0.89990234375,AMBER-HARBOR-10017,AMBER-HARBOR-10017,AMBER-HARBOR-10017,False,True,True,-9.328125,-0.84814453125,2.43359375,0.031823304162903625,915179.6291452234,example_0000,code,0.9,4096,0.9758760333061218,0.9561526775360107
position_sweep,4096,0.89990234375,COBALT-MEADOW-10018,The security answer is COBALT-MEADOW-1,The security answer is COBALT-MEADOW-1,False,False,False,-8.953125,-0.74609375,1.8115234375,0.01950936131164702,500365.0323207431,example_0001,code,0.9,4096,0.9520490169525146,0.9367926120758057
position_sweep,4096,0.89990234375,IVORY-LANTERN-10019,"The security answer is ""IVORY-LANTERN-1","The security answer is ""IVORY-LANTERN-1",False,False,False,-7.48828125,-0.6806640625,2.447265625,0.04533725552553786,659408.0762508067,example_0002,code,0.9,4096,0.9767768979072571,0.9679462313652039
position_sweep,4096,0.89990234375,SCARLET-BREEZE-10020,The security answer provided by the function `scarlet-b,The security answer provided by the function `scarlet-b,False,False,False,-9.75,-0.8125,2.0234375,,,example_0003,code,0.9,4096,0.9552657008171082,0.9120147824287415
position_sweep,4096,0.89990234375,SABLE-HARBOR-10021,SABLE-HARBOR-10021,SABLE-HARBOR-10021,False,True,True,-12.9609375,-1.1787109375,1.4951171875,,,example_0004,code,0.9,4096,0.970719039440155,0.937202513217926
position_sweep,4096,0.89990234375,SILVER-MEADOW-10022,"The security answer is ""SILVER-MEADOW-","The security answer is ""SILVER-MEADOW-",False,False,False,-13.0234375,-1.0859375,1.5830078125,,,example_0005,code,0.9,4096,0.9677945971488953,0.9518201351165771
position_sweep,4096,0.89990234375,GOLDEN-LANTERN-10023,"The security answer provided by the function is ""GOLDEN","The security answer provided by the function is ""GOLDEN",False,False,False,-11.421875,-0.95166015625,1.8154296875,,,example_0006,code,0.9,4096,0.9512500762939453,0.9050766825675964
position_sweep,4096,0.89990234375,TEAL-BREEZE-10024,TEAL-BREEZE-10024,TEAL-BREEZE-10024,False,True,True,-7.3359375,-0.6669921875,1.91796875,,,example_0007,code,0.9,4096,0.9729754328727722,0.9470006823539734
position_sweep,2048,0.10009765625,AMBER-HARBOR-10017,"Amber-Harbor-10017

The",Amber-Harbor-10017,False,True,True,-9.5,-0.86328125,1.0654296875,0.03575523746814928,107928.278482736,example_0000,table,0.1,2048,,
position_sweep,2048,0.10009765625,COBALT-MEADOW-10018,COBALT-MEADOW-10018,COBALT-MEADOW-10018,False,True,True,-10.1796875,-0.84814453125,0.5634765625,0.055601629478621926,82227.7849695057,example_0001,table,0.1,2048,,
position_sweep,2048,0.10009765625,IVORY-LANTERN-10019,IVORY-LANTERN-10019,IVORY-LANTERN-10019,False,True,True,-7.08203125,-0.64404296875,1.8603515625,0.05134924785254585,89478.60295350598,example_0002,table,0.1,2048,,
position_sweep,2048,0.10009765625,SCARLET-BREEZE-10020,SCARLET-BREEZE-10020,SCARLET-BREEZE-10020,False,True,True,-10.2265625,-0.85205078125,1.064453125,,,example_0003,table,0.1,2048,,
position_sweep,2048,0.10009765625,SABLE-HARBOR-10021,SABLE-HARBOR-10021,SABLE-HARBOR-10021,False,True,True,-14.4140625,-1.310546875,0.172119140625,,,example_0004,table,0.1,2048,,
position_sweep,2048,0.10009765625,SILVER-MEADOW-10022,"Silver-Meadow-10022
Explanation",Silver-Meadow-10022,False,True,True,-15.1640625,-1.263671875,1.19921875,,,example_0005,table,0.1,2048,,
position_sweep,2048,0.10009765625,GOLDEN-LANTERN-10023,GOLDEN-LANTERN-10023,GOLDEN-LANTERN-10023,False,True,True,-12.84375,-1.0703125,1.03125,,,example_0006,table,0.1,2048,,
position_sweep,2048,0.10009765625,TEAL-BREEZE-10024,TEAL-BREEZE-10024,TEAL-BREEZE-10024,False,True,True,-7.12109375,-0.6474609375,0.91357421875,,,example_0007,table,0.1,2048,,
position_sweep,4096,0.10009765625,AMBER-HARBOR-10017,"Amber Harbor 10017

This answer corresponds",Amber Harbor 10017,False,False,False,-10.125,-0.9208984375,0.564453125,0.04264777412467686,1065250.4357556638,example_0000,table,0.1,4096,0.9853365421295166,0.9717426896095276
position_sweep,4096,0.10009765625,COBALT-MEADOW-10018,COBALT-MEADOW-10018,COBALT-MEADOW-10018,False,True,True,-10.375,-0.86474609375,0.90576171875,0.03915858099105648,780360.6877972727,example_0001,table,0.1,4096,0.9863923192024231,0.9795477390289307
position_sweep,4096,0.10009765625,IVORY-LANTERN-10019,IVORY-LANTERN-10019,IVORY-LANTERN-10019,False,True,True,-7.2890625,-0.66259765625,1.4716796875,0.051059900537218435,415744.41606787255,example_0002,table,0.1,4096,0.9897027015686035,0.9840209484100342
position_sweep,4096,0.10009765625,SCARLET-BREEZE-10020,SCARLET-BREEZE-10020,SCARLET-BREEZE-10020,False,True,True,-9.40625,-0.7841796875,0.955078125,,,example_0003,table,0.1,4096,0.9891791343688965,0.9840291142463684
position_sweep,4096,0.10009765625,SABLE-HARBOR-10021,SABLE-HARBOR-10021,SABLE-HARBOR-10021,False,True,True,-15.40625,-1.400390625,0.446044921875,,,example_0004,table,0.1,4096,0.9825610518455505,0.9766809344291687
position_sweep,4096,0.10009765625,SILVER-MEADOW-10022,SILVER-MEADOW-10022,SILVER-MEADOW-10022,False,True,True,-16.6875,-1.390625,1.15234375,,,example_0005,table,0.1,4096,0.9845903515815735,0.9782881140708923
position_sweep,4096,0.10009765625,GOLDEN-LANTERN-10023,GOLDEN-LANTERN-10023,GOLDEN-LANTERN-10023,False,True,True,-13.15625,-1.095703125,1.78125,,,example_0006,table,0.1,4096,0.9874253869056702,0.9785254597663879
position_sweep,4096,0.10009765625,TEAL-BREEZE-10024,TEAL-BREEZE-10024,TEAL-BREEZE-10024,False,True,True,-7.35546875,-0.6689453125,1.076171875,,,example_0007,table,0.1,4096,0.9890543818473816,0.9851048588752747
position_sweep,2048,0.2998046875,AMBER-HARBOR-10017,"Amber-Harbor-10017

The",Amber-Harbor-10017,False,True,True,-10.4609375,-0.951171875,0.828125,0.04968400606212825,76539.01490928244,example_0000,table,0.3,2048,,
position_sweep,2048,0.2998046875,COBALT-MEADOW-10018,COBALT-MEADOW-10018,COBALT-MEADOW-10018,False,True,True,-9.953125,-0.8291015625,1.2490234375,0.04311926910699752,78389.18155893339,example_0001,table,0.3,2048,,
position_sweep,2048,0.2998046875,IVORY-LANTERN-10019,IVORY-LANTERN-10019,IVORY-LANTERN-10019,False,True,True,-7.1171875,-0.64697265625,1.41796875,0.05718018926465955,59720.801752960564,example_0002,table,0.3,2048,,
position_sweep,2048,0.2998046875,SCARLET-BREEZE-10020,SCARLET-BREEZE-10020,SCARLET-BREEZE-10020,False,True,True,-10.046875,-0.83740234375,0.9580078125,,,example_0003,table,0.3,2048,,
position_sweep,2048,0.2998046875,SABLE-HARBOR-10021,SABLE-HARBOR-10021,SABLE-HARBOR-10021,False,True,True,-14.625,-1.330078125,0.32373046875,,,example_0004,table,0.3,2048,,
position_sweep,2048,0.2998046875,SILVER-MEADOW-10022,SILVER-MEADOW-10022,SILVER-MEADOW-10022,False,True,True,-15.0703125,-1.255859375,1.1728515625,,,example_0005,table,0.3,2048,,
position_sweep,2048,0.2998046875,GOLDEN-LANTERN-10023,GOLDEN-LANTERN-10023,GOLDEN-LANTERN-10023,False,True,True,-13.796875,-1.1494140625,1.6552734375,,,example_0006,table,0.3,2048,,
position_sweep,2048,0.2998046875,TEAL-BREEZE-10024,TEAL-BREEZE-10024,TEAL-BREEZE-10024,False,True,True,-7.23046875,-0.6572265625,1.576171875,,,example_0007,table,0.3,2048,,
position_sweep,4096,0.300048828125,AMBER-HARBOR-10017,AMBER-HARBOR-10017,AMBER-HARBOR-10017,False,True,True,-10.21875,-0.92919921875,0.7724609375,0.04594390521545114,350384.3530993152,example_0000,table,0.3,4096,0.9930546879768372,0.9905891418457031
position_sweep,4096,0.300048828125,COBALT-MEADOW-10018,COBALT-MEADOW-10018,COBALT-MEADOW-10018,False,True,True,-9.5703125,-0.7978515625,1.578125,0.04403479943056505,345160.20442999224,example_0001,table,0.3,4096,0.9806186556816101,0.9731905460357666
position_sweep,4096,0.300048828125,IVORY-LANTERN-10019,IVORY-LANTERN-10019,IVORY-LANTERN-10019,False,True,True,-7.4296875,-0.67529296875,2.0625,0.052773545272555594,167976.82045029182,example_0002,table,0.3,4096,0.9888189435005188,0.988223135471344
position_sweep,4096,0.300048828125,SCARLET-BREEZE-10020,SCARLET-BREEZE-10020,SCARLET-BREEZE-10020,False,True,True,-10.15625,-0.8466796875,1.345703125,,,example_0003,table,0.3,4096,0.9903883337974548,0.9862582087516785
position_sweep,4096,0.300048828125,SABLE-HARBOR-10021,SABLE-HARBOR-10021,SABLE-HARBOR-10021,False,True,True,-15.359375,-1.396484375,0.37548828125,,,example_0004,table,0.3,4096,0.992882251739502,0.988978922367096
position_sweep,4096,0.300048828125,SILVER-MEADOW-10022,SILVER-MEADOW-10022,SILVER-MEADOW-10022,False,True,True,-15.078125,-1.2568359375,1.6533203125,,,example_0005,table,0.3,4096,0.9916467666625977,0.9894199371337891
position_sweep,4096,0.300048828125,GOLDEN-LANTERN-10023,"Golden-Lantern-10023

Explanation",Golden-Lantern-10023,False,True,True,-13.7421875,-1.1455078125,2.08203125,,,example_0006,table,0.3,4096,0.9918861389160156,0.9885509014129639
position_sweep,4096,0.300048828125,TEAL-BREEZE-10024,TEAL-BREEZE-10024,TEAL-BREEZE-10024,False,True,True,-7.0078125,-0.63720703125,1.5263671875,,,example_0007,table,0.3,4096,0.9867703318595886,0.9775536060333252
position_sweep,2048,0.5,AMBER-HARBOR-10017,"Amber-Harbor-10017

The",Amber-Harbor-10017,False,True,True,-10.640625,-0.96728515625,0.96630859375,0.05095127630863978,149075.89953233054,example_0000,table,0.5,2048,,
position_sweep,2048,0.5,COBALT-MEADOW-10018,COBALT-MEADOW-10018,COBALT-MEADOW-10018,False,True,True,-10.1015625,-0.84228515625,0.658203125,0.05726961441853045,142016.15299719106,example_0001,table,0.5,2048,,
position_sweep,2048,0.5,IVORY-LANTERN-10019,IVORY-LANTERN-10019,IVORY-LANTERN-10019,False,True,True,-7.44921875,-0.67724609375,1.4462890625,0.06961390790074913,388787.96663089504,example_0002,table,0.5,2048,,
position_sweep,2048,0.5,SCARLET-BREEZE-10020,SCARLET-BREEZE-10020,SCARLET-BREEZE-10020,False,True,True,-10.0546875,-0.83837890625,1.1142578125,,,example_0003,table,0.5,2048,,
position_sweep,2048,0.5,SABLE-HARBOR-10021,SABLE-HARBOR-10021,SABLE-HARBOR-10021,False,True,True,-14.09375,-1.28125,0.273193359375,,,example_0004,table,0.5,2048,,
position_sweep,2048,0.5,SILVER-MEADOW-10022,"Silver-Meadow-10022
Explanation",Silver-Meadow-10022,False,True,True,-16.5625,-1.3798828125,1.0283203125,,,example_0005,table,0.5,2048,,
position_sweep,2048,0.5,GOLDEN-LANTERN-10023,GOLDEN-LANTERN-10023,GOLDEN-LANTERN-10023,False,True,True,-13.859375,-1.1552734375,1.19921875,,,example_0006,table,0.5,2048,,
position_sweep,2048,0.5,TEAL-BREEZE-10024,TEAL-BREEZE-10024,TEAL-BREEZE-10024,False,True,True,-7.08984375,-0.64453125,1.3525390625,,,example_0007,table,0.5,2048,,
position_sweep,4096,0.5,AMBER-HARBOR-10017,AMBER-HARBOR-10017,AMBER-HARBOR-10017,False,True,True,-10.4609375,-0.95068359375,0.494873046875,0.057069539640697574,520004.4687071668,example_0000,table,0.5,4096,0.9902797341346741,0.9851003289222717
position_sweep,4096,0.5,COBALT-MEADOW-10018,COBALT-MEADOW-10018,COBALT-MEADOW-10018,False,True,True,-9.4765625,-0.7900390625,1.1435546875,0.05059052944127092,367235.7607458133,example_0001,table,0.5,4096,0.9912929534912109,0.9870718121528625
position_sweep,4096,0.5,IVORY-LANTERN-10019,IVORY-LANTERN-10019,IVORY-LANTERN-10019,False,True,True,-7.65234375,-0.6953125,1.107421875,0.06513852044736586,396122.84884353325,example_0002,table,0.5,4096,0.9923222661018372,0.9898174405097961
position_sweep,4096,0.5,SCARLET-BREEZE-10020,SCARLET-BREEZE-10020,SCARLET-BREEZE-10020,False,True,True,-10.8125,-0.90087890625,0.347412109375,,,example_0003,table,0.5,4096,0.9907718300819397,0.9839324951171875
position_sweep,4096,0.5,SABLE-HARBOR-10021,SABLE-HARBOR-10021,SABLE-HARBOR-10021,False,True,True,-14.65625,-1.3330078125,0.251708984375,,,example_0004,table,0.5,4096,0.9878645539283752,0.9793193936347961
position_sweep,4096,0.5,SILVER-MEADOW-10022,SILVER-MEADOW-10022,SILVER-MEADOW-10022,False,True,True,-14.65625,-1.220703125,1.1279296875,,,example_0005,table,0.5,4096,0.9898681640625,0.9875084757804871
position_sweep,4096,0.5,GOLDEN-LANTERN-10023,GOLDEN-LANTERN-10023,GOLDEN-LANTERN-10023,False,True,True,-12.265625,-1.0224609375,1.4833984375,,,example_0006,table,0.5,4096,0.9911594390869141,0.9911472201347351
position_sweep,4096,0.5,TEAL-BREEZE-10024,TEAL-BREEZE-10024,TEAL-BREEZE-10024,False,True,True,-7.0703125,-0.642578125,1.068359375,,,example_0007,table,0.5,4096,0.9890711307525635,0.9815030097961426
position_sweep,2048,0.7001953125,AMBER-HARBOR-10017,AMBER-HARBOR-10017,AMBER-HARBOR-10017,False,True,True,-10.7109375,-0.9736328125,0.68603515625,0.053810536133317516,156549.1882115314,example_0000,table,0.7,2048,,
position_sweep,2048,0.7001953125,COBALT-MEADOW-10018,COBALT-MEADOW-10018,COBALT-MEADOW-10018,False,True,True,-10.3046875,-0.8583984375,1.0390625,0.05604078123201727,81790.27222347228,example_0001,table,0.7,2048,,
position_sweep,2048,0.7001953125,IVORY-LANTERN-10019,IVORY-LANTERN-10019,IVORY-LANTERN-10019,False,True,True,-7.625,-0.693359375,1.6337890625,0.07201070562870078,327673.36440848064,example_0002,table,0.7,2048,,
position_sweep,2048,0.7001953125,SCARLET-BREEZE-10020,SCARLET-BREEZE-10020,SCARLET-BREEZE-10020,False,True,True,-10.0703125,-0.8388671875,1.5458984375,,,example_0003,table,0.7,2048,,
position_sweep,2048,0.7001953125,SABLE-HARBOR-10021,SABLE-HARBOR-10021,SABLE-HARBOR-10021,False,True,True,-13.8046875,-1.2548828125,0.347412109375,,,example_0004,table,0.7,2048,,
position_sweep,2048,0.7001953125,SILVER-MEADOW-10022,Silver-Meadow-10022,Silver-Meadow-10022,False,True,True,-15.2734375,-1.2734375,1.5,,,example_0005,table,0.7,2048,,
position_sweep,2048,0.7001953125,GOLDEN-LANTERN-10023,GOLDEN-LANTERN-10023,GOLDEN-LANTERN-10023,False,True,True,-13.3359375,-1.111328125,1.1328125,,,example_0006,table,0.7,2048,,
position_sweep,2048,0.7001953125,TEAL-BREEZE-10024,TEAL-BREEZE-10024,TEAL-BREEZE-10024,False,True,True,-6.9765625,-0.63427734375,1.982421875,,,example_0007,table,0.7,2048,,
position_sweep,4096,0.699951171875,AMBER-HARBOR-10017,AMBER-HARBOR-10017,AMBER-HARBOR-10017,False,True,True,-10.40625,-0.9462890625,0.67919921875,0.055410416421537316,1063476.995038499,example_0000,table,0.7,4096,0.9924766421318054,0.9931678771972656
position_sweep,4096,0.699951171875,COBALT-MEADOW-10018,COBALT-MEADOW-10018,COBALT-MEADOW-10018,False,True,True,-9.765625,-0.81396484375,0.97705078125,0.05395640592853373,685768.3157587213,example_0001,table,0.7,4096,0.9899446368217468,0.9867705702781677
position_sweep,4096,0.699951171875,IVORY-LANTERN-10019,IVORY-LANTERN-10019,IVORY-LANTERN-10019,False,True,True,-7.59765625,-0.69091796875,1.89453125,0.06475348082252691,1123624.5189068597,example_0002,table,0.7,4096,0.990761935710907,0.9872238636016846
position_sweep,4096,0.699951171875,SCARLET-BREEZE-10020,SCARLET-BREEZE-10020,SCARLET-BREEZE-10020,False,True,True,-10.71875,-0.89306640625,1.244140625,,,example_0003,table,0.7,4096,0.9898002743721008,0.9910657405853271
position_sweep,4096,0.699951171875,SABLE-HARBOR-10021,SABLE-HARBOR-10021,SABLE-HARBOR-10021,False,True,True,-14.1875,-1.2900390625,0.28759765625,,,example_0004,table,0.7,4096,0.9868154525756836,0.9824676513671875
position_sweep,4096,0.699951171875,SILVER-MEADOW-10022,SILVER-MEADOW-10022,SILVER-MEADOW-10022,False,True,True,-15.125,-1.2607421875,1.005859375,,,example_0005,table,0.7,4096,0.9933762550354004,0.9940668940544128
position_sweep,4096,0.699951171875,GOLDEN-LANTERN-10023,GOLDEN-LANTERN-10023,GOLDEN-LANTERN-10023,False,True,True,-13.609375,-1.1337890625,1.73046875,,,example_0006,table,0.7,4096,0.9935884475708008,0.9919283986091614
position_sweep,4096,0.699951171875,TEAL-BREEZE-10024,TEAL-BREEZE-10024,TEAL-BREEZE-10024,False,True,True,-6.80078125,-0.6181640625,1.900390625,,,example_0007,table,0.7,4096,0.9926503300666809,0.9876234531402588
position_sweep,2048,0.89990234375,AMBER-HARBOR-10017,"Amber Harbor 10017
Human:",Amber Harbor 10017,False,False,False,-11.125,-1.01171875,0.857421875,0.06385452122961979,574989.1256576169,example_0000,table,0.9,2048,,
position_sweep,2048,0.89990234375,COBALT-MEADOW-10018,COBALT-MEADOW-10018,COBALT-MEADOW-10018,False,True,True,-10.015625,-0.83447265625,1.28125,0.057129770819320615,741752.4009437816,example_0001,table,0.9,2048,,
position_sweep,2048,0.89990234375,IVORY-LANTERN-10019,"Ivory Lighthouse-10019

The provided",Ivory Lighthouse-10019,False,False,False,-7.59765625,-0.69091796875,1.7041015625,0.07663964865046602,1010050.0762055737,example_0002,table,0.9,2048,,
position_sweep,2048,0.89990234375,SCARLET-BREEZE-10020,SCARLET-BREEZE-10020,SCARLET-BREEZE-10020,False,True,True,-10.3046875,-0.85888671875,1.173828125,,,example_0003,table,0.9,2048,,
position_sweep,2048,0.89990234375,SABLE-HARBOR-10021,SABLE-HARBOR-10021,SABLE-HARBOR-10021,False,True,True,-14.046875,-1.27734375,0.302490234375,,,example_0004,table,0.9,2048,,
position_sweep,2048,0.89990234375,SILVER-MEADOW-10022,SILVER-MEADOW-10022,SILVER-MEADOW-10022,False,True,True,-14.453125,-1.205078125,1.25390625,,,example_0005,table,0.9,2048,,
position_sweep,2048,0.89990234375,GOLDEN-LANTERN-10023,GOLDEN-LANTERN-10023,GOLDEN-LANTERN-10023,False,True,True,-12.890625,-1.07421875,1.7392578125,,,example_0006,table,0.9,2048,,
position_sweep,2048,0.89990234375,TEAL-BREEZE-10024,TEAL-BREEZE-10024,TEAL-BREEZE-10024,False,True,True,-7.12890625,-0.64794921875,1.7861328125,,,example_0007,table,0.9,2048,,
position_sweep,4096,0.89990234375,AMBER-HARBOR-10017,AMBER-HARBOR-10017,AMBER-HARBOR-10017,False,True,True,-10.84375,-0.986328125,0.72607421875,0.05587647109553302,162245.31806494834,example_0000,table,0.9,4096,0.992357075214386,0.9889228940010071
position_sweep,4096,0.89990234375,COBALT-MEADOW-10018,COBALT-MEADOW-10018,COBALT-MEADOW-10018,False,True,True,-10.0234375,-0.8349609375,1.564453125,0.05553623879038317,170277.6379288442,example_0001,table,0.9,4096,0.9928744435310364,0.9920997619628906
position_sweep,4096,0.89990234375,IVORY-LANTERN-10019,IVORY-LANTERN-10019,IVORY-LANTERN-10019,False,True,True,-7.81640625,-0.71044921875,1.2060546875,0.07387183380254385,427043.37163745903,example_0002,table,0.9,4096,0.9947627186775208,0.9936848282814026
position_sweep,4096,0.89990234375,SCARLET-BREEZE-10020,SCARLET-BREEZE-10020,SCARLET-BREEZE-10020,False,True,True,-10.6953125,-0.89111328125,1.423828125,,,example_0003,table,0.9,4096,0.9934619069099426,0.9933822154998779
position_sweep,4096,0.89990234375,SABLE-HARBOR-10021,SABLE-HARBOR-10021,SABLE-HARBOR-10021,False,True,True,-14.71875,-1.337890625,0.48876953125,,,example_0004,table,0.9,4096,0.9912505745887756,0.989287793636322
position_sweep,4096,0.89990234375,SILVER-MEADOW-10022,SILVER-MEADOW-10022,SILVER-MEADOW-10022,False,True,True,-15.3984375,-1.283203125,1.4462890625,,,example_0005,table,0.9,4096,0.9947169423103333,0.9944114089012146
position_sweep,4096,0.89990234375,GOLDEN-LANTERN-10023,GOLDEN-LANTERN-10023,GOLDEN-LANTERN-10023,False,True,True,-12.8671875,-1.072265625,1.04296875,,,example_0006,table,0.9,4096,0.9928303360939026,0.9914970397949219
position_sweep,4096,0.89990234375,TEAL-BREEZE-10024,TEAL-BREEZE-10024,TEAL-BREEZE-10024,False,True,True,-7.34375,-0.66748046875,1.708984375,,,example_0007,table,0.9,4096,0.9942125678062439,0.9921733736991882
